"page","word","pinyin","image_url","category","source"
"1","人","rén","/img/a-pages/page-001.png","看圖學中文 a.pdf","a.pdf rendered page images"
"2","頭","tóu","/img/a-pages/page-002.png","看圖學中文 a.pdf","a.pdf rendered page images"
"3","目","","/img/a-pages/page-003.png","看圖學中文 a.pdf","a.pdf rendered page images"
"4","眉","méi","/img/a-pages/page-004.png","看圖學中文 a.pdf","a.pdf rendered page images"
"5","晶","","/img/a-pages/page-005.png","看圖學中文 a.pdf","a.pdf rendered page images"
"6","耳","ěr","/img/a-pages/page-006.png","看圖學中文 a.pdf","a.pdf rendered page images"
"7","口","","/img/a-pages/page-007.png","看圖學中文 a.pdf","a.pdf rendered page images"
"8","牙","","/img/a-pages/page-008.png","看圖學中文 a.pdf","a.pdf rendered page images"
"9","舌","","/img/a-pages/page-009.png","看圖學中文 a.pdf","a.pdf rendered page images"
"10","心","","/img/a-pages/page-010.png","看圖學中文 a.pdf","a.pdf rendered page images"
"11","手","","/img/a-pages/page-011.png","看圖學中文 a.pdf","a.pdf rendered page images"
"12","足","","/img/a-pages/page-012.png","看圖學中文 a.pdf","a.pdf rendered page images"
"13","身","","/img/a-pages/page-013.png","看圖學中文 a.pdf","a.pdf rendered page images"
"14","一","","/img/a-pages/page-014.png","看圖學中文 a.pdf","a.pdf rendered page images"
"15","二","","/img/a-pages/page-015.png","看圖學中文 a.pdf","a.pdf rendered page images"
"16","三","","/img/a-pages/page-016.png","看圖學中文 a.pdf","a.pdf rendered page images"
"17","四","","/img/a-pages/page-017.png","看圖學中文 a.pdf","a.pdf rendered page images"
"18","五","","/img/a-pages/page-018.png","看圖學中文 a.pdf","a.pdf rendered page images"
"19","六","","/img/a-pages/page-019.png","看圖學中文 a.pdf","a.pdf rendered page images"
"20","七","","/img/a-pages/page-020.png","看圖學中文 a.pdf","a.pdf rendered page images"
"21","八","","/img/a-pages/page-021.png","看圖學中文 a.pdf","a.pdf rendered page images"
"22","九","","/img/a-pages/page-022.png","看圖學中文 a.pdf","a.pdf rendered page images"
"23","十","","/img/a-pages/page-023.png","看圖學中文 a.pdf","a.pdf rendered page images"
"24","马","","/img/a-pages/page-024.png","看圖學中文 a.pdf","a.pdf rendered page images"
"25","牛","","/img/a-pages/page-025.png","看圖學中文 a.pdf","a.pdf rendered page images"
"26","羊","","/img/a-pages/page-026.png","看圖學中文 a.pdf","a.pdf rendered page images"
"27","鱼","","/img/a-pages/page-027.png","看圖學中文 a.pdf","a.pdf rendered page images"
"28","虫","","/img/a-pages/page-028.png","看圖學中文 a.pdf","a.pdf rendered page images"
"29","鸟","","/img/a-pages/page-029.png","看圖學中文 a.pdf","a.pdf rendered page images"
"30","天","","/img/a-pages/page-030.png","看圖學中文 a.pdf","a.pdf rendered page images"
"31","日","","/img/a-pages/page-031.png","看圖學中文 a.pdf","a.pdf rendered page images"
"32","月","","/img/a-pages/page-032.png","看圖學中文 a.pdf","a.pdf rendered page images"
"33","云","","/img/a-pages/page-033.png","看圖學中文 a.pdf","a.pdf rendered page images"
"34","风","","/img/a-pages/page-034.png","看圖學中文 a.pdf","a.pdf rendered page images"
"35","雨","","/img/a-pages/page-035.png","看圖學中文 a.pdf","a.pdf rendered page images"
"36","雪","","/img/a-pages/page-036.png","看圖學中文 a.pdf","a.pdf rendered page images"
"37","雷","","/img/a-pages/page-037.png","看圖學中文 a.pdf","a.pdf rendered page images"
"38","電","","/img/a-pages/page-038.png","看圖學中文 a.pdf","a.pdf rendered page images"
"39","田","","/img/a-pages/page-039.png","看圖學中文 a.pdf","a.pdf rendered page images"
"40","木","","/img/a-pages/page-040.png","看圖學中文 a.pdf","a.pdf rendered page images"
"41","米","","/img/a-pages/page-041.png","看圖學中文 a.pdf","a.pdf rendered page images"
"42","果","","/img/a-pages/page-042.png","看圖學中文 a.pdf","a.pdf rendered page images"
"43","瓜","","/img/a-pages/page-043.png","看圖學中文 a.pdf","a.pdf rendered page images"
"44","禾","","/img/a-pages/page-044.png","看圖學中文 a.pdf","a.pdf rendered page images"
"45","苗","","/img/a-pages/page-045.png","看圖學中文 a.pdf","a.pdf rendered page images"
"46","森","","/img/a-pages/page-046.png","看圖學中文 a.pdf","a.pdf rendered page images"
"47","林","","/img/a-pages/page-047.png","看圖學中文 a.pdf","a.pdf rendered page images"
"48","石","","/img/a-pages/page-048.png","看圖學中文 a.pdf","a.pdf rendered page images"
"49","亭","","/img/a-pages/page-049.png","看圖學中文 a.pdf","a.pdf rendered page images"
"50","花","huā sè","/img/a-pages/page-050.png","看圖學中文 a.pdf","a.pdf rendered page images"
"51","草","","/img/a-pages/page-051.png","看圖學中文 a.pdf","a.pdf rendered page images"
"52","山","","/img/a-pages/page-052.png","看圖學中文 a.pdf","a.pdf rendered page images"
"53","叶","","/img/a-pages/page-053.png","看圖學中文 a.pdf","a.pdf rendered page images"
"54","竹","","/img/a-pages/page-054.png","看圖學中文 a.pdf","a.pdf rendered page images"
"55","水","","/img/a-pages/page-055.png","看圖學中文 a.pdf","a.pdf rendered page images"
"56","土","","/img/a-pages/page-056.png","看圖學中文 a.pdf","a.pdf rendered page images"
"57","方","","/img/a-pages/page-057.png","看圖學中文 a.pdf","a.pdf rendered page images"
"58","圆","","/img/a-pages/page-058.png","看圖學中文 a.pdf","a.pdf rendered page images"
"59","尖","","/img/a-pages/page-059.png","看圖學中文 a.pdf","a.pdf rendered page images"
"60","大","","/img/a-pages/page-060.png","看圖學中文 a.pdf","a.pdf rendered page images"
"61","小","","/img/a-pages/page-061.png","看圖學中文 a.pdf","a.pdf rendered page images"
"62","高","","/img/a-pages/page-062.png","看圖學中文 a.pdf","a.pdf rendered page images"
"63","长","","/img/a-pages/page-063.png","看圖學中文 a.pdf","a.pdf rendered page images"
"64","弓","","/img/a-pages/page-064.png","看圖學中文 a.pdf","a.pdf rendered page images"
"65","刀","","/img/a-pages/page-065.png","看圖學中文 a.pdf","a.pdf rendered page images"
"66","勺","","/img/a-pages/page-066.png","看圖學中文 a.pdf","a.pdf rendered page images"
"67","面","","/img/a-pages/page-067.png","看圖學中文 a.pdf","a.pdf rendered page images"
"68","豆","","/img/a-pages/page-068.png","看圖學中文 a.pdf","a.pdf rendered page images"
"69","气","","/img/a-pages/page-069.png","看圖學中文 a.pdf","a.pdf rendered page images"
"70","分","","/img/a-pages/page-070.png","看圖學中文 a.pdf","a.pdf rendered page images"
"71","半","","/img/a-pages/page-071.png","看圖學中文 a.pdf","a.pdf rendered page images"
"72","点","","/img/a-pages/page-072.png","看圖學中文 a.pdf","a.pdf rendered page images"
"73","出","","/img/a-pages/page-073.png","看圖學中文 a.pdf","a.pdf rendered page images"
"74","入","","/img/a-pages/page-074.png","看圖學中文 a.pdf","a.pdf rendered page images"
"75","里","","/img/a-pages/page-075.png","看圖學中文 a.pdf","a.pdf rendered page images"
"76","外","","/img/a-pages/page-076.png","看圖學中文 a.pdf","a.pdf rendered page images"
"77","开","","/img/a-pages/page-077.png","看圖學中文 a.pdf","a.pdf rendered page images"
"78","关","","/img/a-pages/page-078.png","看圖學中文 a.pdf","a.pdf rendered page images"
"79","多","","/img/a-pages/page-079.png","看圖學中文 a.pdf","a.pdf rendered page images"
"80","少","","/img/a-pages/page-080.png","看圖學中文 a.pdf","a.pdf rendered page images"
"81","上","","/img/a-pages/page-081.png","看圖學中文 a.pdf","a.pdf rendered page images"
"82","下","","/img/a-pages/page-082.png","看圖學中文 a.pdf","a.pdf rendered page images"
"83","弯","","/img/a-pages/page-083.png","看圖學中文 a.pdf","a.pdf rendered page images"
"84","直","","/img/a-pages/page-084.png","看圖學中文 a.pdf","a.pdf rendered page images"
"85","来","","/img/a-pages/page-085.png","看圖學中文 a.pdf","a.pdf rendered page images"
"86","去","","/img/a-pages/page-086.png","看圖學中文 a.pdf","a.pdf rendered page images"
"87","吃","","/img/a-pages/page-087.png","看圖學中文 a.pdf","a.pdf rendered page images"
"88","喝","","/img/a-pages/page-088.png","看圖學中文 a.pdf","a.pdf rendered page images"
"89","吐","","/img/a-pages/page-089.png","看圖學中文 a.pdf","a.pdf rendered page images"
"90","立","","/img/a-pages/page-090.png","看圖學中文 a.pdf","a.pdf rendered page images"
"91","坐","","/img/a-pages/page-091.png","看圖學中文 a.pdf","a.pdf rendered page images"
"92","走","","/img/a-pages/page-092.png","看圖學中文 a.pdf","a.pdf rendered page images"
"93","飞","","/img/a-pages/page-093.png","看圖學中文 a.pdf","a.pdf rendered page images"
"94","看","","/img/a-pages/page-094.png","看圖學中文 a.pdf","a.pdf rendered page images"
"95","问","","/img/a-pages/page-095.png","看圖學中文 a.pdf","a.pdf rendered page images"
"96","哭","","/img/a-pages/page-096.png","看圖學中文 a.pdf","a.pdf rendered page images"
"97","笑","","/img/a-pages/page-097.png","看圖學中文 a.pdf","a.pdf rendered page images"
"98","车","","/img/a-pages/page-098.png","看圖學中文 a.pdf","a.pdf rendered page images"
"99","门","","/img/a-pages/page-099.png","看圖學中文 a.pdf","a.pdf rendered page images"
"100","井","","/img/a-pages/page-100.png","看圖學中文 a.pdf","a.pdf rendered page images"
"101","伞","","/img/a-pages/page-101.png","看圖學中文 a.pdf","a.pdf rendered page images"
"102","包","","/img/a-pages/page-102.png","看圖學中文 a.pdf","a.pdf rendered page images"
"103","布","","/img/a-pages/page-103.png","看圖學中文 a.pdf","a.pdf rendered page images"
"104","皮","","/img/a-pages/page-104.png","看圖學中文 a.pdf","a.pdf rendered page images"
"105","书","","/img/a-pages/page-105.png","看圖學中文 a.pdf","a.pdf rendered page images"
"106","画","","/img/a-pages/page-106.png","看圖學中文 a.pdf","a.pdf rendered page images"
"107","灯","","/img/a-pages/page-107.png","看圖學中文 a.pdf","a.pdf rendered page images"
"108","光","","/img/a-pages/page-108.png","看圖學中文 a.pdf","a.pdf rendered page images"
"109","衣","","/img/a-pages/page-109.png","看圖學中文 a.pdf","a.pdf rendered page images"
"110","裙","","/img/a-pages/page-110.png","看圖學中文 a.pdf","a.pdf rendered page images"
"111","袜","","/img/a-pages/page-111.png","看圖學中文 a.pdf","a.pdf rendered page images"
"112","裤","","/img/a-pages/page-112.png","看圖學中文 a.pdf","a.pdf rendered page images"
"113","鞋","","/img/a-pages/page-113.png","看圖學中文 a.pdf","a.pdf rendered page images"
"114","帽","","/img/a-pages/page-114.png","看圖學中文 a.pdf","a.pdf rendered page images"
"115","毛","","/img/a-pages/page-115.png","看圖學中文 a.pdf","a.pdf rendered page images"
"116","巾","","/img/a-pages/page-116.png","看圖學中文 a.pdf","a.pdf rendered page images"
"117","工","","/img/a-pages/page-117.png","看圖學中文 a.pdf","a.pdf rendered page images"
"118","厂","","/img/a-pages/page-118.png","看圖學中文 a.pdf","a.pdf rendered page images"
"119","灭","","/img/a-pages/page-119.png","看圖學中文 a.pdf","a.pdf rendered page images"
"120","火","","/img/a-pages/page-120.png","看圖學中文 a.pdf","a.pdf rendered page images"
"121","灰","","/img/a-pages/page-121.png","看圖學中文 a.pdf","a.pdf rendered page images"
"122","尘","","/img/a-pages/page-122.png","看圖學中文 a.pdf","a.pdf rendered page images"
"123","家","","/img/a-pages/page-123.png","看圖學中文 a.pdf","a.pdf rendered page images"
"124","爷","","/img/a-pages/page-124.png","看圖學中文 a.pdf","a.pdf rendered page images"
"125","奶","","/img/a-pages/page-125.png","看圖學中文 a.pdf","a.pdf rendered page images"
"126","妈","","/img/a-pages/page-126.png","看圖學中文 a.pdf","a.pdf rendered page images"
"127","爸","","/img/a-pages/page-127.png","看圖學中文 a.pdf","a.pdf rendered page images"
"128","哥","","/img/a-pages/page-128.png","看圖學中文 a.pdf","a.pdf rendered page images"
"129","弟","","/img/a-pages/page-129.png","看圖學中文 a.pdf","a.pdf rendered page images"
"130","姐","","/img/a-pages/page-130.png","看圖學中文 a.pdf","a.pdf rendered page images"
"131","妹","","/img/a-pages/page-131.png","看圖學中文 a.pdf","a.pdf rendered page images"
"132","我","","/img/a-pages/page-132.png","看圖學中文 a.pdf","a.pdf rendered page images"
"133","你","","/img/a-pages/page-133.png","看圖學中文 a.pdf","a.pdf rendered page images"
"134","男","","/img/a-pages/page-134.png","看圖學中文 a.pdf","a.pdf rendered page images"
"135","女","","/img/a-pages/page-135.png","看圖學中文 a.pdf","a.pdf rendered page images"
"136","前","","/img/a-pages/page-136.png","看圖學中文 a.pdf","a.pdf rendered page images"
"137","后","","/img/a-pages/page-137.png","看圖學中文 a.pdf","a.pdf rendered page images"
"138","左","","/img/a-pages/page-138.png","看圖學中文 a.pdf","a.pdf rendered page images"
"139","右","","/img/a-pages/page-139.png","看圖學中文 a.pdf","a.pdf rendered page images"
"140","东","","/img/a-pages/page-140.png","看圖學中文 a.pdf","a.pdf rendered page images"
"141","天 141","","/img/a-pages/page-141.png","看圖學中文 a.pdf","a.pdf rendered page images"
"142","南","","/img/a-pages/page-142.png","看圖學中文 a.pdf","a.pdf rendered page images"
"143","北","","/img/a-pages/page-143.png","看圖學中文 a.pdf","a.pdf rendered page images"
"144","中","","/img/a-pages/page-144.png","看圖學中文 a.pdf","a.pdf rendered page images"
"145","木 b1","","/img/b-pages/page-001.png","看圖學中文 b.pdf","b.pdf rendered page images"
"146","郑","","/img/b-pages/page-002.png","看圖學中文 b.pdf","b.pdf rendered page images"
"147","车 b3","","/img/b-pages/page-003.png","看圖學中文 b.pdf","b.pdf rendered page images"
"148","徐","","/img/b-pages/page-004.png","看圖學中文 b.pdf","b.pdf rendered page images"
"149","司","","/img/b-pages/page-005.png","看圖學中文 b.pdf","b.pdf rendered page images"
"150","陳","","/img/b-pages/page-006.png","看圖學中文 b.pdf","b.pdf rendered page images"
"151","天 b7","","/img/b-pages/page-007.png","看圖學中文 b.pdf","b.pdf rendered page images"
"152","郭","","/img/b-pages/page-008.png","看圖學中文 b.pdf","b.pdf rendered page images"
"153","b.pdf 9","","/img/b-pages/page-009.png","看圖學中文 b.pdf","b.pdf rendered page images"
"154","胡","","/img/b-pages/page-010.png","看圖學中文 b.pdf","b.pdf rendered page images"
"155","章","","/img/b-pages/page-011.png","看圖學中文 b.pdf","b.pdf rendered page images"
"156","小 b12","","/img/b-pages/page-012.png","看圖學中文 b.pdf","b.pdf rendered page images"
"157","伯","","/img/b-pages/page-013.png","看圖學中文 b.pdf","b.pdf rendered page images"
"158","和","","/img/b-pages/page-014.png","看圖學中文 b.pdf","b.pdf rendered page images"
"159","b.pdf 15","","/img/b-pages/page-015.png","看圖學中文 b.pdf","b.pdf rendered page images"
"160","阿","","/img/b-pages/page-016.png","看圖學中文 b.pdf","b.pdf rendered page images"
"161","b.pdf 17","","/img/b-pages/page-017.png","看圖學中文 b.pdf","b.pdf rendered page images"
"162","认","","/img/b-pages/page-018.png","看圖學中文 b.pdf","b.pdf rendered page images"
"163","破","","/img/b-pages/page-019.png","看圖學中文 b.pdf","b.pdf rendered page images"
"164","國","","/img/b-pages/page-020.png","看圖學中文 b.pdf","b.pdf rendered page images"
"165","未","","/img/b-pages/page-021.png","看圖學中文 b.pdf","b.pdf rendered page images"
"166","b.pdf 22","","/img/b-pages/page-022.png","看圖學中文 b.pdf","b.pdf rendered page images"
"167","b.pdf 23","","/img/b-pages/page-023.png","看圖學中文 b.pdf","b.pdf rendered page images"
"168","发","","/img/b-pages/page-024.png","看圖學中文 b.pdf","b.pdf rendered page images"
"169","脸","","/img/b-pages/page-025.png","看圖學中文 b.pdf","b.pdf rendered page images"
"170","也","","/img/b-pages/page-026.png","看圖學中文 b.pdf","b.pdf rendered page images"
"171","b.pdf 27","","/img/b-pages/page-027.png","看圖學中文 b.pdf","b.pdf rendered page images"
"172","b.pdf 28","","/img/b-pages/page-028.png","看圖學中文 b.pdf","b.pdf rendered page images"
"173","条","","/img/b-pages/page-029.png","看圖學中文 b.pdf","b.pdf rendered page images"
"174","b.pdf 30","","/img/b-pages/page-030.png","看圖學中文 b.pdf","b.pdf rendered page images"
"175","b.pdf 31","","/img/b-pages/page-031.png","看圖學中文 b.pdf","b.pdf rendered page images"
"176","b.pdf 32","","/img/b-pages/page-032.png","看圖學中文 b.pdf","b.pdf rendered page images"
"177","b.pdf 33","","/img/b-pages/page-033.png","看圖學中文 b.pdf","b.pdf rendered page images"
"178","b.pdf 34","","/img/b-pages/page-034.png","看圖學中文 b.pdf","b.pdf rendered page images"
"179","腿","","/img/b-pages/page-035.png","看圖學中文 b.pdf","b.pdf rendered page images"
"180","铃","","/img/b-pages/page-036.png","看圖學中文 b.pdf","b.pdf rendered page images"
"181","正","","/img/b-pages/page-037.png","看圖學中文 b.pdf","b.pdf rendered page images"
"182","要","","/img/b-pages/page-038.png","看圖學中文 b.pdf","b.pdf rendered page images"
"183","好","","/img/b-pages/page-039.png","看圖學中文 b.pdf","b.pdf rendered page images"
"184","您","","/img/b-pages/page-040.png","看圖學中文 b.pdf","b.pdf rendered page images"
"185","请","","/img/b-pages/page-041.png","看圖學中文 b.pdf","b.pdf rendered page images"
"186","从","","/img/b-pages/page-042.png","看圖學中文 b.pdf","b.pdf rendered page images"
"187","给","","/img/b-pages/page-043.png","看圖學中文 b.pdf","b.pdf rendered page images"
"188","孩","","/img/b-pages/page-044.png","看圖學中文 b.pdf","b.pdf rendered page images"
"189","b.pdf 45","","/img/b-pages/page-045.png","看圖學中文 b.pdf","b.pdf rendered page images"
"190","們","","/img/b-pages/page-046.png","看圖學中文 b.pdf","b.pdf rendered page images"
"191","和 b47","","/img/b-pages/page-047.png","看圖學中文 b.pdf","b.pdf rendered page images"
"192","外 b48","","/img/b-pages/page-048.png","看圖學中文 b.pdf","b.pdf rendered page images"
"193","b.pdf 49","","/img/b-pages/page-049.png","看圖學中文 b.pdf","b.pdf rendered page images"
"194","b.pdf 50","","/img/b-pages/page-050.png","看圖學中文 b.pdf","b.pdf rendered page images"
"195","乡太","","/img/b-pages/page-051.png","看圖學中文 b.pdf","b.pdf rendered page images"
"196","忌","","/img/b-pages/page-052.png","看圖學中文 b.pdf","b.pdf rendered page images"
"197","今","","/img/b-pages/page-053.png","看圖學中文 b.pdf","b.pdf rendered page images"
"198","午","","/img/b-pages/page-054.png","看圖學中文 b.pdf","b.pdf rendered page images"
"199","读","","/img/b-pages/page-055.png","看圖學中文 b.pdf","b.pdf rendered page images"
"200","题","","/img/b-pages/page-056.png","看圖學中文 b.pdf","b.pdf rendered page images"
"201","图","","/img/b-pages/page-057.png","看圖學中文 b.pdf","b.pdf rendered page images"
"202","线","","/img/b-pages/page-058.png","看圖學中文 b.pdf","b.pdf rendered page images"
"203","图 b59","","/img/b-pages/page-059.png","看圖學中文 b.pdf","b.pdf rendered page images"
"204","號","","/img/b-pages/page-060.png","看圖學中文 b.pdf","b.pdf rendered page images"
"205","课","","/img/b-pages/page-061.png","看圖學中文 b.pdf","b.pdf rendered page images"
"206","骑","","/img/b-pages/page-062.png","看圖學中文 b.pdf","b.pdf rendered page images"
"207","多 b63","","/img/b-pages/page-063.png","看圖學中文 b.pdf","b.pdf rendered page images"
"208","枪","","/img/b-pages/page-064.png","看圖學中文 b.pdf","b.pdf rendered page images"
"209","b.pdf 65","","/img/b-pages/page-065.png","看圖學中文 b.pdf","b.pdf rendered page images"
"210","内","","/img/b-pages/page-066.png","看圖學中文 b.pdf","b.pdf rendered page images"
"211","b.pdf 67","","/img/b-pages/page-067.png","看圖學中文 b.pdf","b.pdf rendered page images"
"212","說","","/img/b-pages/page-068.png","看圖學中文 b.pdf","b.pdf rendered page images"
"213","b.pdf 69","","/img/b-pages/page-069.png","看圖學中文 b.pdf","b.pdf rendered page images"
"214","条 b70","","/img/b-pages/page-070.png","看圖學中文 b.pdf","b.pdf rendered page images"
"215","b.pdf 71","","/img/b-pages/page-071.png","看圖學中文 b.pdf","b.pdf rendered page images"
"216","铺","","/img/b-pages/page-072.png","看圖學中文 b.pdf","b.pdf rendered page images"
"217","b.pdf 73","","/img/b-pages/page-073.png","看圖學中文 b.pdf","b.pdf rendered page images"
"218","薄","","/img/b-pages/page-074.png","看圖學中文 b.pdf","b.pdf rendered page images"
"219","羊 b75","","/img/b-pages/page-075.png","看圖學中文 b.pdf","b.pdf rendered page images"
"220","王","","/img/b-pages/page-076.png","看圖學中文 b.pdf","b.pdf rendered page images"
"221","床","","/img/b-pages/page-077.png","看圖學中文 b.pdf","b.pdf rendered page images"
"222","他","","/img/b-pages/page-078.png","看圖學中文 b.pdf","b.pdf rendered page images"
"223","好 b79","","/img/b-pages/page-079.png","看圖學中文 b.pdf","b.pdf rendered page images"
"224","是","","/img/b-pages/page-080.png","看圖學中文 b.pdf","b.pdf rendered page images"
"225","就","","/img/b-pages/page-081.png","看圖學中文 b.pdf","b.pdf rendered page images"
"226","辆","","/img/b-pages/page-082.png","看圖學中文 b.pdf","b.pdf rendered page images"
"227","张","","/img/b-pages/page-083.png","看圖學中文 b.pdf","b.pdf rendered page images"
"228","b.pdf 84","","/img/b-pages/page-084.png","看圖學中文 b.pdf","b.pdf rendered page images"
"229","件","","/img/b-pages/page-085.png","看圖學中文 b.pdf","b.pdf rendered page images"
"230","块","","/img/b-pages/page-086.png","看圖學中文 b.pdf","b.pdf rendered page images"
"231","本","","/img/b-pages/page-087.png","看圖學中文 b.pdf","b.pdf rendered page images"
"232","小 b88","","/img/b-pages/page-088.png","看圖學中文 b.pdf","b.pdf rendered page images"
"233","里 b89","","/img/b-pages/page-089.png","看圖學中文 b.pdf","b.pdf rendered page images"
"234","只","","/img/b-pages/page-090.png","看圖學中文 b.pdf","b.pdf rendered page images"
"235","支","","/img/b-pages/page-091.png","看圖學中文 b.pdf","b.pdf rendered page images"
"236","服","","/img/b-pages/page-092.png","看圖學中文 b.pdf","b.pdf rendered page images"
"237","红","","/img/b-pages/page-093.png","看圖學中文 b.pdf","b.pdf rendered page images"
"238","黄","","/img/b-pages/page-094.png","看圖學中文 b.pdf","b.pdf rendered page images"
"239","墨","","/img/b-pages/page-095.png","看圖學中文 b.pdf","b.pdf rendered page images"
"240","绿","","/img/b-pages/page-096.png","看圖學中文 b.pdf","b.pdf rendered page images"
"241","b.pdf 97","","/img/b-pages/page-097.png","看圖學中文 b.pdf","b.pdf rendered page images"
"242","转","","/img/b-pages/page-098.png","看圖學中文 b.pdf","b.pdf rendered page images"
"243","b.pdf 99","","/img/b-pages/page-099.png","看圖學中文 b.pdf","b.pdf rendered page images"
"244","生","","/img/b-pages/page-100.png","看圖學中文 b.pdf","b.pdf rendered page images"
"245","街","","/img/b-pages/page-101.png","看圖學中文 b.pdf","b.pdf rendered page images"
"246","未 b102","","/img/b-pages/page-102.png","看圖學中文 b.pdf","b.pdf rendered page images"
"247","袋","","/img/b-pages/page-103.png","看圖學中文 b.pdf","b.pdf rendered page images"
"248","b.pdf 104","","/img/b-pages/page-104.png","看圖學中文 b.pdf","b.pdf rendered page images"
"249","爱","","/img/b-pages/page-105.png","看圖學中文 b.pdf","b.pdf rendered page images"
"250","月 b106","","/img/b-pages/page-106.png","看圖學中文 b.pdf","b.pdf rendered page images"
"251","箱","","/img/b-pages/page-107.png","看圖學中文 b.pdf","b.pdf rendered page images"
"252","角","","/img/b-pages/page-108.png","看圖學中文 b.pdf","b.pdf rendered page images"
"253","合","","/img/b-pages/page-109.png","看圖學中文 b.pdf","b.pdf rendered page images"
"254","b.pdf 110","","/img/b-pages/page-110.png","看圖學中文 b.pdf","b.pdf rendered page images"
"255","机","","/img/b-pages/page-111.png","看圖學中文 b.pdf","b.pdf rendered page images"
"256","說 b112","","/img/b-pages/page-112.png","看圖學中文 b.pdf","b.pdf rendered page images"
"257","以","","/img/b-pages/page-113.png","看圖學中文 b.pdf","b.pdf rendered page images"
"258","汽","","/img/b-pages/page-114.png","看圖學中文 b.pdf","b.pdf rendered page images"
"259","炮","","/img/b-pages/page-115.png","看圖學中文 b.pdf","b.pdf rendered page images"
"260","前 b116","","/img/b-pages/page-116.png","看圖學中文 b.pdf","b.pdf rendered page images"
"261","兵","","/img/b-pages/page-117.png","看圖學中文 b.pdf","b.pdf rendered page images"
"262","类","","/img/b-pages/page-118.png","看圖學中文 b.pdf","b.pdf rendered page images"
"263","极","","/img/b-pages/page-119.png","看圖學中文 b.pdf","b.pdf rendered page images"
"264","滑","","/img/b-pages/page-120.png","看圖學中文 b.pdf","b.pdf rendered page images"
"265","冷","","/img/b-pages/page-121.png","看圖學中文 b.pdf","b.pdf rendered page images"
"266","痰","","/img/b-pages/page-122.png","看圖學中文 b.pdf","b.pdf rendered page images"
"267","向","","/img/b-pages/page-123.png","看圖學中文 b.pdf","b.pdf rendered page images"
"268","現","","/img/b-pages/page-124.png","看圖學中文 b.pdf","b.pdf rendered page images"
"269","很","","/img/b-pages/page-125.png","看圖學中文 b.pdf","b.pdf rendered page images"
"270","油","","/img/b-pages/page-126.png","看圖學中文 b.pdf","b.pdf rendered page images"
"271","过","","/img/b-pages/page-127.png","看圖學中文 b.pdf","b.pdf rendered page images"
"272","元","","/img/b-pages/page-128.png","看圖學中文 b.pdf","b.pdf rendered page images"
"273","乌","","/img/b-pages/page-129.png","看圖學中文 b.pdf","b.pdf rendered page images"
"274","打","","/img/b-pages/page-130.png","看圖學中文 b.pdf","b.pdf rendered page images"
"275","b.pdf 131","","/img/b-pages/page-131.png","看圖學中文 b.pdf","b.pdf rendered page images"
"276","滿","","/img/b-pages/page-132.png","看圖學中文 b.pdf","b.pdf rendered page images"
"277","把","","/img/b-pages/page-133.png","看圖學中文 b.pdf","b.pdf rendered page images"
"278","內","","/img/b-pages/page-134.png","看圖學中文 b.pdf","b.pdf rendered page images"
"279","路","","/img/b-pages/page-135.png","看圖學中文 b.pdf","b.pdf rendered page images"
"280","讲","","/img/b-pages/page-136.png","看圖學中文 b.pdf","b.pdf rendered page images"
"281","請","","/img/b-pages/page-137.png","看圖學中文 b.pdf","b.pdf rendered page images"
"282","b.pdf 138","","/img/b-pages/page-138.png","看圖學中文 b.pdf","b.pdf rendered page images"
"283","青","","/img/b-pages/page-139.png","看圖學中文 b.pdf","b.pdf rendered page images"
"284","二 b140","","/img/b-pages/page-140.png","看圖學中文 b.pdf","b.pdf rendered page images"
"285","又","","/img/b-pages/page-141.png","看圖學中文 b.pdf","b.pdf rendered page images"
"286","本 b142","","/img/b-pages/page-142.png","看圖學中文 b.pdf","b.pdf rendered page images"
"287","子","","/img/b-pages/page-143.png","看圖學中文 b.pdf","b.pdf rendered page images"
"288","树","","/img/b-pages/page-144.png","看圖學中文 b.pdf","b.pdf rendered page images"
"289","河","","/img/b-pages/page-145.png","看圖學中文 b.pdf","b.pdf rendered page images"
"290","b.pdf 146","","/img/b-pages/page-146.png","看圖學中文 b.pdf","b.pdf rendered page images"
"291","b.pdf 147","","/img/b-pages/page-147.png","看圖學中文 b.pdf","b.pdf rendered page images"
"292","消","","/img/b-pages/page-148.png","看圖學中文 b.pdf","b.pdf rendered page images"
"293","者","","/img/b-pages/page-149.png","看圖學中文 b.pdf","b.pdf rendered page images"
"294","许","","/img/b-pages/page-150.png","看圖學中文 b.pdf","b.pdf rendered page images"
"295","一 b151","","/img/b-pages/page-151.png","看圖學中文 b.pdf","b.pdf rendered page images"
"296","做","","/img/b-pages/page-152.png","看圖學中文 b.pdf","b.pdf rendered page images"
"297","盆","","/img/b-pages/page-153.png","看圖學中文 b.pdf","b.pdf rendered page images"
"298","片","","/img/b-pages/page-154.png","看圖學中文 b.pdf","b.pdf rendered page images"
"299","年","","/img/b-pages/page-155.png","看圖學中文 b.pdf","b.pdf rendered page images"
"300","短","","/img/b-pages/page-156.png","看圖學中文 b.pdf","b.pdf rendered page images"
"301","坡","","/img/b-pages/page-157.png","看圖學中文 b.pdf","b.pdf rendered page images"
"302","散","","/img/b-pages/page-158.png","看圖學中文 b.pdf","b.pdf rendered page images"
"303","全","","/img/b-pages/page-159.png","看圖學中文 b.pdf","b.pdf rendered page images"
"304","蛋","","/img/b-pages/page-160.png","看圖學中文 b.pdf","b.pdf rendered page images"
"305","要 b161","","/img/b-pages/page-161.png","看圖學中文 b.pdf","b.pdf rendered page images"
"306","用","","/img/b-pages/page-162.png","看圖學中文 b.pdf","b.pdf rendered page images"
"307","太","","/img/b-pages/page-163.png","看圖學中文 b.pdf","b.pdf rendered page images"
"308","日 b164","","/img/b-pages/page-164.png","看圖學中文 b.pdf","b.pdf rendered page images"
"309","的","","/img/b-pages/page-165.png","看圖學中文 b.pdf","b.pdf rendered page images"
"310","真","","/img/b-pages/page-166.png","看圖學中文 b.pdf","b.pdf rendered page images"
"311","更","","/img/b-pages/page-167.png","看圖學中文 b.pdf","b.pdf rendered page images"
"312","溪","","/img/b-pages/page-168.png","看圖學中文 b.pdf","b.pdf rendered page images"
"313","政","","/img/b-pages/page-169.png","看圖學中文 b.pdf","b.pdf rendered page images"
"314","鲜","","/img/b-pages/page-170.png","看圖學中文 b.pdf","b.pdf rendered page images"
"315","拖","","/img/b-pages/page-171.png","看圖學中文 b.pdf","b.pdf rendered page images"
"316","平","","/img/b-pages/page-172.png","看圖學中文 b.pdf","b.pdf rendered page images"
"317","二 b173","","/img/b-pages/page-173.png","看圖學中文 b.pdf","b.pdf rendered page images"
"318","b.pdf 174","","/img/b-pages/page-174.png","看圖學中文 b.pdf","b.pdf rendered page images"
"319","b.pdf 175","","/img/b-pages/page-175.png","看圖學中文 b.pdf","b.pdf rendered page images"
"320","美","","/img/b-pages/page-176.png","看圖學中文 b.pdf","b.pdf rendered page images"
"321","b.pdf 177","","/img/b-pages/page-177.png","看圖學中文 b.pdf","b.pdf rendered page images"
"322","如","","/img/b-pages/page-178.png","看圖學中文 b.pdf","b.pdf rendered page images"
"323","有","","/img/b-pages/page-179.png","看圖學中文 b.pdf","b.pdf rendered page images"
"324","还","","/img/b-pages/page-180.png","看圖學中文 b.pdf","b.pdf rendered page images"
