"1","/img/a-pages/page-001.png","人","rén","","",""
"2","/img/a-pages/page-002.png","头","tóu","","",""
"3","/img/a-pages/page-003.png","目","","","",""
"4","/img/a-pages/page-004.png","眉","méi","","",""
"5","/img/a-pages/page-005.png","晶","","","",""
"6","/img/a-pages/page-006.png","耳","ěr","","",""
"7","/img/a-pages/page-007.png","口","","","",""
"8","/img/a-pages/page-008.png","牙","","","",""
"9","/img/a-pages/page-009.png","舌","","","",""
"10","/img/a-pages/page-010.png","心","","","",""
"11","/img/a-pages/page-011.png","手","","","",""
"12","/img/a-pages/page-012.png","足","","","",""
"13","/img/a-pages/page-013.png","身","","","",""
"14","/img/a-pages/page-014.png","一","","","",""
"15","/img/a-pages/page-015.png","二","","","",""
"16","/img/a-pages/page-016.png","三","","","",""
"17","/img/a-pages/page-017.png","四","","","",""
"18","/img/a-pages/page-018.png","五","","","",""
"19","/img/a-pages/page-019.png","六","","","",""
"20","/img/a-pages/page-020.png","七","","","",""
"21","/img/a-pages/page-021.png","八","","","",""
"22","/img/a-pages/page-022.png","九","","","",""
"23","/img/a-pages/page-023.png","十","","","",""
"24","/img/a-pages/page-024.png","马","","","",""
"25","/img/a-pages/page-025.png","牛","","","",""
"26","/img/a-pages/page-026.png","羊","","","",""
"27","/img/a-pages/page-027.png","鱼","","","",""
"28","/img/a-pages/page-028.png","虫","","","",""
"29","/img/a-pages/page-029.png","鸟","","","",""
"30","/img/a-pages/page-030.png","天","","","",""
"31","/img/a-pages/page-031.png","日","","","",""
"32","/img/a-pages/page-032.png","月","","","",""
"33","/img/a-pages/page-033.png","云","","","",""
"34","/img/a-pages/page-034.png","风","","","",""
"35","/img/a-pages/page-035.png","雨","","","",""
"36","/img/a-pages/page-036.png","雪","","","",""
"37","/img/a-pages/page-037.png","雷","","","",""
"38","/img/a-pages/page-038.png","電","","","",""
"39","/img/a-pages/page-039.png","田","","","",""
"40","/img/a-pages/page-040.png","木","","","",""
"41","/img/a-pages/page-041.png","米","","","",""
"42","/img/a-pages/page-042.png","果","","","",""
"43","/img/a-pages/page-043.png","瓜","","","",""
"44","/img/a-pages/page-044.png","禾","","","",""
"45","/img/a-pages/page-045.png","苗","","","",""
"46","/img/a-pages/page-046.png","森","","","",""
"47","/img/a-pages/page-047.png","林","","","",""
"48","/img/a-pages/page-048.png","石","","","",""
"49","/img/a-pages/page-049.png","亭","","","",""
"50","/img/a-pages/page-050.png","花","","","",""
"51","/img/a-pages/page-051.png","草","","","",""
"52","/img/a-pages/page-052.png","山","","","",""
"53","/img/a-pages/page-053.png","叶","","","",""
"54","/img/a-pages/page-054.png","竹","","","",""
"55","/img/a-pages/page-055.png","水","","","",""
"56","/img/a-pages/page-056.png","土","","","",""
"57","/img/a-pages/page-057.png","方","","","",""
"58","/img/a-pages/page-058.png","圆","","","",""
"59","/img/a-pages/page-059.png","尖","","","",""
"60","/img/a-pages/page-060.png","大","","","",""
"61","/img/a-pages/page-061.png","小","","","",""
"62","/img/a-pages/page-062.png","高","","","",""
"63","/img/a-pages/page-063.png","长","","","",""
"64","/img/a-pages/page-064.png","弓","","","",""
"65","/img/a-pages/page-065.png","刀","","","",""
"66","/img/a-pages/page-066.png","勺","","","",""
"67","/img/a-pages/page-067.png","面","","","",""
"68","/img/a-pages/page-068.png","豆","","","",""
"69","/img/a-pages/page-069.png","气","","","",""
"70","/img/a-pages/page-070.png","分","","","",""
"71","/img/a-pages/page-071.png","半","","","",""
"72","/img/a-pages/page-072.png","点","","","",""
"73","/img/a-pages/page-073.png","出","","","",""
"74","/img/a-pages/page-074.png","入","","","",""
"75","/img/a-pages/page-075.png","里","","","",""
"76","/img/a-pages/page-076.png","外","","","",""
"77","/img/a-pages/page-077.png","开","","","",""
"78","/img/a-pages/page-078.png","关","","","",""
"79","/img/a-pages/page-079.png","多","","","",""
"80","/img/a-pages/page-080.png","少","","","",""
"81","/img/a-pages/page-081.png","上","","","",""
"82","/img/a-pages/page-082.png","下","","","",""
"83","/img/a-pages/page-083.png","弯","","","",""
"84","/img/a-pages/page-084.png","直","","","",""
"85","/img/a-pages/page-085.png","来","","","",""
"86","/img/a-pages/page-086.png","去","","","",""
"87","/img/a-pages/page-087.png","吃","","","",""
"88","/img/a-pages/page-088.png","喝","","","",""
"89","/img/a-pages/page-089.png","吐","","","",""
"90","/img/a-pages/page-090.png","立","","","",""
"91","/img/a-pages/page-091.png","坐","","","",""
"92","/img/a-pages/page-092.png","走","","","",""
"93","/img/a-pages/page-093.png","飞","","","",""
"94","/img/a-pages/page-094.png","看","","","",""
"95","/img/a-pages/page-095.png","问","","","",""
"96","/img/a-pages/page-096.png","哭","","","",""
"97","/img/a-pages/page-097.png","笑","","","",""
"98","/img/a-pages/page-098.png","车","","","",""
"99","/img/a-pages/page-099.png","门","","","",""
"100","/img/a-pages/page-100.png","井","","","",""
"101","/img/a-pages/page-101.png","伞","","","",""
"102","/img/a-pages/page-102.png","包","","","",""
"103","/img/a-pages/page-103.png","布","","","",""
"104","/img/a-pages/page-104.png","皮","","","",""
"105","/img/a-pages/page-105.png","书","","","",""
"106","/img/a-pages/page-106.png","画","","","",""
"107","/img/a-pages/page-107.png","灯","","","",""
"108","/img/a-pages/page-108.png","光","","","",""
"109","/img/a-pages/page-109.png","衣","","","",""
"110","/img/a-pages/page-110.png","裙","","","",""
"111","/img/a-pages/page-111.png","袜","","","",""
"112","/img/a-pages/page-112.png","裤","","","",""
"113","/img/a-pages/page-113.png","鞋","","","",""
"114","/img/a-pages/page-114.png","帽","","","",""
"115","/img/a-pages/page-115.png","毛","","","",""
"116","/img/a-pages/page-116.png","巾","","","",""
"117","/img/a-pages/page-117.png","工","","","",""
"118","/img/a-pages/page-118.png","厂","","","",""
"119","/img/a-pages/page-119.png","灭","","","",""
"120","/img/a-pages/page-120.png","火","","","",""
"121","/img/a-pages/page-121.png","灰","","","",""
"122","/img/a-pages/page-122.png","尘","","","",""
"123","/img/a-pages/page-123.png","家","","","",""
"124","/img/a-pages/page-124.png","爷","","","",""
"125","/img/a-pages/page-125.png","奶","","","",""
"126","/img/a-pages/page-126.png","妈","","","",""
"127","/img/a-pages/page-127.png","爸","","","",""
"128","/img/a-pages/page-128.png","哥","","","",""
"129","/img/a-pages/page-129.png","弟","","","",""
"130","/img/a-pages/page-130.png","姐","","","",""
"131","/img/a-pages/page-131.png","妹","","","",""
"132","/img/a-pages/page-132.png","我","","","",""
"133","/img/a-pages/page-133.png","你","","","",""
"134","/img/a-pages/page-134.png","男","","","",""
"135","/img/a-pages/page-135.png","女","","","",""
"136","/img/a-pages/page-136.png","前","","","",""
"137","/img/a-pages/page-137.png","后","","","",""
"138","/img/a-pages/page-138.png","左","","","",""
"139","/img/a-pages/page-139.png","右","","","",""
"140","/img/a-pages/page-140.png","东","","","",""
"141","/img/a-pages/page-141.png","西","","","",""
"142","/img/a-pages/page-142.png","南","","","",""
"143","/img/a-pages/page-143.png","北","","","",""
"144","/img/a-pages/page-144.png","中","","","",""
"145","/img/b-pages/page-001.png","宋","","","",""
"146","/img/b-pages/page-002.png","郑","","","",""
"147","/img/b-pages/page-003.png","李","","","",""
"148","/img/b-pages/page-004.png","徐","","","",""
"149","/img/b-pages/page-005.png","司","","","",""
"150","/img/b-pages/page-006.png","陳","","","",""
"151","/img/b-pages/page-007.png","吴","","","",""
"152","/img/b-pages/page-008.png","郭","","","",""
"153","/img/b-pages/page-009.png","赵","","","",""
"154","/img/b-pages/page-010.png","胡","","","",""
"155","/img/b-pages/page-011.png","章","","","",""
"156","/img/b-pages/page-012.png","婆","","","",""
"157","/img/b-pages/page-013.png","伯","","","",""
"158","/img/b-pages/page-014.png","叔","","","",""
"159","/img/b-pages/page-015.png","姨","","","",""
"160","/img/b-pages/page-016.png","阿","","","",""
"161","/img/b-pages/page-017.png","视","","","",""
"162","/img/b-pages/page-018.png","迷","","","",""
"163","/img/b-pages/page-019.png","破","","","",""
"164","/img/b-pages/page-020.png","國","","","",""
"165","/img/b-pages/page-021.png","京","","","",""
"166","/img/b-pages/page-022.png","兴","","","",""
"167","/img/b-pages/page-023.png","空","","","",""
"168","/img/b-pages/page-024.png","发","","","",""
"169","/img/b-pages/page-025.png","脸","","","",""
"170","/img/b-pages/page-026.png","孔","","","",""
"171","/img/b-pages/page-027.png","眼","","","",""
"172","/img/b-pages/page-028.png","睛","","","",""
"173","/img/b-pages/page-029.png","朵","","","",""
"174","/img/b-pages/page-030.png","齿","","","",""
"175","/img/b-pages/page-031.png","嘴","","","",""
"176","/img/b-pages/page-032.png","巴","","","",""
"177","/img/b-pages/page-033.png","双","","","",""
"178","/img/b-pages/page-034.png","脚","","","",""
"179","/img/b-pages/page-035.png","腿","","","",""
"180","/img/b-pages/page-036.png","铃","","","",""
"181","/img/b-pages/page-037.png","正","","","",""
"182","/img/b-pages/page-038.png","要","","","",""
"183","/img/b-pages/page-039.png","好","","","",""
"184","/img/b-pages/page-040.png","您","","","",""
"185","/img/b-pages/page-041.png","请","","","",""
"186","/img/b-pages/page-042.png","茶","","","",""
"187","/img/b-pages/page-043.png","给","","","",""
"188","/img/b-pages/page-044.png","孩","","","",""
"189","/img/b-pages/page-045.png","儿","","","",""
"190","/img/b-pages/page-046.png","們","","","",""
"191","/img/b-pages/page-047.png","和","","","",""
"192","/img/b-pages/page-048.png","不","","","",""
"193","/img/b-pages/page-049.png","见","","","",""
"194","/img/b-pages/page-050.png","喊","","","",""
"195","/img/b-pages/page-051.png","纱","","","",""
"196","/img/b-pages/page-052.png","回","","","",""
"197","/img/b-pages/page-053.png","今","","","",""
"198","/img/b-pages/page-054.png","午","","","",""
"199","/img/b-pages/page-055.png","读","","","",""
"200","/img/b-pages/page-056.png","题","","","",""
"201","/img/b-pages/page-057.png","图","","","",""
"202","/img/b-pages/page-058.png","线","","","",""
"203","/img/b-pages/page-059.png","圈","","","",""
"204","/img/b-pages/page-060.png","号","","","",""
"205","/img/b-pages/page-061.png","课","","","",""
"206","/img/b-pages/page-062.png","骑","","","",""
"207","/img/b-pages/page-063.png","钓","","","",""
"208","/img/b-pages/page-064.png","枪","","","",""
"209","/img/b-pages/page-065.png","汤","","","",""
"210","/img/b-pages/page-066.png","肉","","","",""
"211","/img/b-pages/page-067.png","芽","","","",""
"212","/img/b-pages/page-068.png","冬","","","",""
"213","/img/b-pages/page-069.png","柿","","","",""
"214","/img/b-pages/page-070.png","条","","","",""
"215","/img/b-pages/page-071.png","饭","","","",""
"216","/img/b-pages/page-072.png","铺","","","",""
"217","/img/b-pages/page-073.png","玉","","","",""
"218","/img/b-pages/page-074.png","莓","","","",""
"219","/img/b-pages/page-075.png","苹","","","",""
"220","/img/b-pages/page-076.png","榚","","","",""
"221","/img/b-pages/page-077.png","床","","","",""
"222","/img/b-pages/page-078.png","他","","","",""
"223","/img/b-pages/page-079.png","她","","","",""
"224","/img/b-pages/page-080.png","是","","","",""
"225","/img/b-pages/page-081.png","就","","","",""
"226","/img/b-pages/page-082.png","辆","","","",""
"227","/img/b-pages/page-083.png","张","","","",""
"228","/img/b-pages/page-084.png","盏","","","",""
"229","/img/b-pages/page-085.png","件","","","",""
"230","/img/b-pages/page-086.png","块","","","",""
"231","/img/b-pages/page-087.png","本","","","",""
"232","/img/b-pages/page-088.png","个","","","",""
"233","/img/b-pages/page-089.png","颗","","","",""
"234","/img/b-pages/page-090.png","只","","","",""
"235","/img/b-pages/page-091.png","支","","","",""
"236","/img/b-pages/page-092.png","服","","","",""
"237","/img/b-pages/page-093.png","红","","","",""
"238","/img/b-pages/page-094.png","黄","","","",""
"239","/img/b-pages/page-095.png","墨","","","",""
"240","/img/b-pages/page-096.png","绿","","","",""
"241","/img/b-pages/page-097.png","蓝","","","",""
"242","/img/b-pages/page-098.png","围","","","",""
"243","/img/b-pages/page-099.png","色","","","",""
"244","/img/b-pages/page-100.png","生","","","",""
"245","/img/b-pages/page-101.png","窗","","","",""
"246","/img/b-pages/page-102.png","未","","","",""
"247","/img/b-pages/page-103.png","袋","","","",""
"248","/img/b-pages/page-104.png","偶","","","",""
"249","/img/b-pages/page-105.png","爱","","","",""
"250","/img/b-pages/page-106.png","剪","","","",""
"251","/img/b-pages/page-107.png","箱","","","",""
"252","/img/b-pages/page-108.png","角","","","",""
"253","/img/b-pages/page-109.png","台","","","",""
"254","/img/b-pages/page-110.png","背","","","",""
"255","/img/b-pages/page-111.png","机","","","",""
"256","/img/b-pages/page-112.png","器","","","",""
"257","/img/b-pages/page-113.png","吸","","","",""
"258","/img/b-pages/page-114.png","汽","","","",""
"259","/img/b-pages/page-115.png","炮","","","",""
"260","/img/b-pages/page-116.png","箭","","","",""
"261","/img/b-pages/page-117.png","兵","","","",""
"262","/img/b-pages/page-118.png","类","","","",""
"263","/img/b-pages/page-119.png","极","","","",""
"264","/img/b-pages/page-120.png","滑","","","",""
"265","/img/b-pages/page-121.png","冷","","","",""
"266","/img/b-pages/page-122.png","痰","","","",""
"267","/img/b-pages/page-123.png","向","","","",""
"268","/img/b-pages/page-124.png","現","","","",""
"269","/img/b-pages/page-125.png","很","","","",""
"270","/img/b-pages/page-126.png","油","","","",""
"271","/img/b-pages/page-127.png","过","","","",""
"272","/img/b-pages/page-128.png","亮","","","",""
"273","/img/b-pages/page-129.png","乌","","","",""
"274","/img/b-pages/page-130.png","打","","","",""
"275","/img/b-pages/page-131.png","刮","","","",""
"276","/img/b-pages/page-132.png","滴","","","",""
"277","/img/b-pages/page-133.png","把","","","",""
"278","/img/b-pages/page-134.png","闪","","","",""
"279","/img/b-pages/page-135.png","路","","","",""
"280","/img/b-pages/page-136.png","讲","","","",""
"281","/img/b-pages/page-137.png","退","","","",""
"282","/img/b-pages/page-138.png","底","","","",""
"283","/img/b-pages/page-139.png","青","","","",""
"284","/img/b-pages/page-140.png","蛙","","","",""
"285","/img/b-pages/page-141.png","这","","","",""
"286","/img/b-pages/page-142.png","桥","","","",""
"287","/img/b-pages/page-143.png","子","","","",""
"288","/img/b-pages/page-144.png","树","","","",""
"289","/img/b-pages/page-145.png","河","","","",""
"290","/img/b-pages/page-146.png","地","","","",""
"291","/img/b-pages/page-147.png","麦","","","",""
"292","/img/b-pages/page-148.png","消","","","",""
"293","/img/b-pages/page-149.png","害","","","",""
"294","/img/b-pages/page-150.png","许","","","",""
"295","/img/b-pages/page-151.png","房","","","",""
"296","/img/b-pages/page-152.png","做","","","",""
"297","/img/b-pages/page-153.png","盆","","","",""
"298","/img/b-pages/page-154.png","片","","","",""
"299","/img/b-pages/page-155.png","年","","","",""
"300","/img/b-pages/page-156.png","短","","","",""
"301","/img/b-pages/page-157.png","坡","","","",""
"302","/img/b-pages/page-158.png","散","","","",""
"303","/img/b-pages/page-159.png","边","","","",""
"304","/img/b-pages/page-160.png","蛋","","","",""
"305","/img/b-pages/page-161.png","要","","","",""
"306","/img/b-pages/page-162.png","用","","","",""
"307","/img/b-pages/page-163.png","太","","","",""
"308","/img/b-pages/page-164.png","阳","","","",""
"309","/img/b-pages/page-165.png","的","","","",""
"310","/img/b-pages/page-166.png","真","","","",""
"311","/img/b-pages/page-167.png","更","","","",""
"312","/img/b-pages/page-168.png","溪","","","",""
"313","/img/b-pages/page-169.png","碧","","","",""
"314","/img/b-pages/page-170.png","鲜","","","",""
"315","/img/b-pages/page-171.png","艳","","","",""
"316","/img/b-pages/page-172.png","早","","","",""
"317","/img/b-pages/page-173.png","晨","","","",""
"318","/img/b-pages/page-174.png","旁","","","",""
"319","/img/b-pages/page-175.png","在","","","",""
"320","/img/b-pages/page-176.png","美","","","",""
"321","/img/b-pages/page-177.png","丽","","","",""
"322","/img/b-pages/page-178.png","燕","","","",""
"323","/img/b-pages/page-179.png","有","","","",""
"324","/img/b-pages/page-180.png","还","","","",""
